,name,manaCost,cmc,colors,type,rarity,setName,text,artist,power,toughness,multiverseid,legalities
0,Ancestor's Chosen,{5}{W}{W},7.0,['White'],Creature — Human Cleric,Uncommon,Tenth Edition,"First strike (This creature deals combat damage before creatures without first strike.)
When Ancestor's Chosen enters the battlefield, you gain 1 life for each card in your graveyard.",Pete Venters,4,4,130550,"[{'format': 'Commander', 'legality': 'Legal'}, {'format': 'Duel', 'legality': 'Legal'}, {'format': 'Legacy', 'legality': 'Legal'}, {'format': 'Modern', 'legality': 'Legal'}, {'format': 'Paupercommander', 'legality': 'Restricted'}, {'format': 'Penny', 'legality': 'Legal'}, {'format': 'Premodern', 'legality': 'Legal'}, {'format': 'Vintage', 'legality': 'Legal'}]"
1,Angel of Mercy,{4}{W},5.0,['White'],Creature — Angel,Uncommon,Tenth Edition,"Flying
When Angel of Mercy enters the battlefield, you gain 3 life.",Volkan Baǵa,3,3,129465,"[{'format': 'Commander', 'legality': 'Legal'}, {'format': 'Duel', 'legality': 'Legal'}, {'format': 'Gladiator', 'legality': 'Legal'}, {'format': 'Historic', 'legality': 'Legal'}, {'format': 'Historicbrawl', 'legality': 'Legal'}, {'format': 'Legacy', 'legality': 'Legal'}, {'format': 'Modern', 'legality': 'Legal'}, {'format': 'Pauper', 'legality': 'Legal'}, {'format': 'Paupercommander', 'legality': 'Legal'}, {'format': 'Penny', 'legality': 'Legal'}, {'format': 'Premodern', 'legality': 'Legal'}, {'format': 'Vintage', 'legality': 'Legal'}]"
2,Aven Cloudchaser,{3}{W},4.0,['White'],Creature — Bird Soldier,Common,Tenth Edition,"Flying (This creature can't be blocked except by creatures with flying or reach.)
When Aven Cloudchaser enters the battlefield, destroy target enchantment.",Justin Sweet,2,2,129470,"[{'format': 'Commander', 'legality': 'Legal'}, {'format': 'Duel', 'legality': 'Legal'}, {'format': 'Legacy', 'legality': 'Legal'}, {'format': 'Modern', 'legality': 'Legal'}, {'format': 'Pauper', 'legality': 'Legal'}, {'format': 'Paupercommander', 'legality': 'Legal'}, {'format': 'Penny', 'legality': 'Legal'}, {'format': 'Premodern', 'legality': 'Legal'}, {'format': 'Vintage', 'legality': 'Legal'}]"
3,Ballista Squad,{3}{W},4.0,['White'],Creature — Human Rebel,Uncommon,Tenth Edition,"{X}{W}, {T}: Ballista Squad deals X damage to target attacking or blocking creature.",Matthew D. Wilson,2,2,129477,"[{'format': 'Commander', 'legality': 'Legal'}, {'format': 'Duel', 'legality': 'Legal'}, {'format': 'Legacy', 'legality': 'Legal'}, {'format': 'Modern', 'legality': 'Legal'}, {'format': 'Paupercommander', 'legality': 'Restricted'}, {'format': 'Penny', 'legality': 'Legal'}, {'format': 'Premodern', 'legality': 'Legal'}, {'format': 'Vintage', 'legality': 'Legal'}]"
4,Bandage,{W},1.0,['White'],Instant,Common,Tenth Edition,"Prevent the next 1 damage that would be dealt to any target this turn.
Draw a card.",Rebecca Guay,0,0,132106,"[{'format': 'Commander', 'legality': 'Legal'}, {'format': 'Duel', 'legality': 'Legal'}, {'format': 'Legacy', 'legality': 'Legal'}, {'format': 'Modern', 'legality': 'Legal'}, {'format': 'Pauper', 'legality': 'Legal'}, {'format': 'Paupercommander', 'legality': 'Legal'}, {'format': 'Penny', 'legality': 'Legal'}, {'format': 'Premodern', 'legality': 'Legal'}, {'format': 'Vintage', 'legality': 'Legal'}]"
5,Beacon of Immortality,{5}{W},6.0,['White'],Instant,Rare,Tenth Edition,Double target player's life total. Shuffle Beacon of Immortality into its owner's library.,Rob Alexander,0,0,130553,"[{'format': 'Commander', 'legality': 'Legal'}, {'format': 'Duel', 'legality': 'Legal'}, {'format': 'Legacy', 'legality': 'Legal'}, {'format': 'Modern', 'legality': 'Legal'}, {'format': 'Penny', 'legality': 'Legal'}, {'format': 'Vintage', 'legality': 'Legal'}]"
6,Benalish Knight,{2}{W},3.0,['White'],Creature — Human Knight,Common,Tenth Edition,"Flash (You may cast this spell any time you could cast an instant.)
First strike (This creature deals combat damage before creatures without first strike.)",Zoltan Boros & Gabor Szikszai,2,2,136279,"[{'format': 'Commander', 'legality': 'Legal'}, {'format': 'Duel', 'legality': 'Legal'}, {'format': 'Legacy', 'legality': 'Legal'}, {'format': 'Modern', 'legality': 'Legal'}, {'format': 'Pauper', 'legality': 'Legal'}, {'format': 'Paupercommander', 'legality': 'Legal'}, {'format': 'Penny', 'legality': 'Legal'}, {'format': 'Premodern', 'legality': 'Legal'}, {'format': 'Vintage', 'legality': 'Legal'}]"
7,Benalish Knight,{2}{W},3.0,['White'],Creature — Human Knight,Common,Tenth Edition,"Flash (You may cast this spell any time you could cast an instant.)
First strike (This creature deals combat damage before creatures without first strike.)",Zoltan Boros & Gabor Szikszai,2,2,0,"[{'format': 'Commander', 'legality': 'Legal'}, {'format': 'Duel', 'legality': 'Legal'}, {'format': 'Legacy', 'legality': 'Legal'}, {'format': 'Modern', 'legality': 'Legal'}, {'format': 'Pauper', 'legality': 'Legal'}, {'format': 'Paupercommander', 'legality': 'Legal'}, {'format': 'Penny', 'legality': 'Legal'}, {'format': 'Premodern', 'legality': 'Legal'}, {'format': 'Vintage', 'legality': 'Legal'}]"
8,"Cho-Manno, Revolutionary",{2}{W}{W},4.0,['White'],Legendary Creature — Human Rebel,Rare,Tenth Edition,"Prevent all damage that would be dealt to Cho-Manno, Revolutionary.",Steven Belledin,2,2,130554,"[{'format': 'Commander', 'legality': 'Legal'}, {'format': 'Duel', 'legality': 'Legal'}, {'format': 'Legacy', 'legality': 'Legal'}, {'format': 'Modern', 'legality': 'Legal'}, {'format': 'Penny', 'legality': 'Legal'}, {'format': 'Premodern', 'legality': 'Legal'}, {'format': 'Vintage', 'legality': 'Legal'}]"
9,Condemn,{W},1.0,['White'],Instant,Uncommon,Tenth Edition,Put target attacking creature on the bottom of its owner's library. Its controller gains life equal to its toughness.,Daren Bader,0,0,130528,"[{'format': 'Commander', 'legality': 'Legal'}, {'format': 'Duel', 'legality': 'Legal'}, {'format': 'Legacy', 'legality': 'Legal'}, {'format': 'Modern', 'legality': 'Legal'}, {'format': 'Penny', 'legality': 'Legal'}, {'format': 'Vintage', 'legality': 'Legal'}]"
10,Contaminated Bond,{1}{B},2.0,['Black'],Enchantment — Aura,Common,Tenth Edition,"Enchant creature (Target a creature as you cast this. This card enters the battlefield attached to that creature.)
Whenever enchanted creature attacks or blocks, its controller loses 3 life.",Thomas M. Baxa,0,0,0,"[{'format': 'Commander', 'legality': 'Legal'}, {'format': 'Duel', 'legality': 'Legal'}, {'format': 'Legacy', 'legality': 'Legal'}, {'format': 'Modern', 'legality': 'Legal'}, {'format': 'Pauper', 'legality': 'Legal'}, {'format': 'Paupercommander', 'legality': 'Legal'}, {'format': 'Penny', 'legality': 'Legal'}, {'format': 'Vintage', 'legality': 'Legal'}]"
11,Drudge Skeletons,{1}{B},2.0,['Black'],Creature — Skeleton,Uncommon,Tenth Edition,"{B}: Regenerate Drudge Skeletons. (The next time this creature would be destroyed this turn, it isn't. Instead tap it, remove all damage from it, and remove it from combat.)",Jim Nelson,1,1,0,"[{'format': 'Commander', 'legality': 'Legal'}, {'format': 'Duel', 'legality': 'Legal'}, {'format': 'Legacy', 'legality': 'Legal'}, {'format': 'Modern', 'legality': 'Legal'}, {'format': 'Pauper', 'legality': 'Legal'}, {'format': 'Paupercommander', 'legality': 'Legal'}, {'format': 'Penny', 'legality': 'Legal'}, {'format': 'Premodern', 'legality': 'Legal'}, {'format': 'Vintage', 'legality': 'Legal'}]"
12,Demystify,{W},1.0,['White'],Instant,Common,Tenth Edition,Destroy target enchantment.,Christopher Rush,0,0,129524,"[{'format': 'Commander', 'legality': 'Legal'}, {'format': 'Duel', 'legality': 'Legal'}, {'format': 'Gladiator', 'legality': 'Legal'}, {'format': 'Historic', 'legality': 'Legal'}, {'format': 'Historicbrawl', 'legality': 'Legal'}, {'format': 'Legacy', 'legality': 'Legal'}, {'format': 'Modern', 'legality': 'Legal'}, {'format': 'Pauper', 'legality': 'Legal'}, {'format': 'Paupercommander', 'legality': 'Legal'}, {'format': 'Penny', 'legality': 'Legal'}, {'format': 'Pioneer', 'legality': 'Legal'}, {'format': 'Premodern', 'legality': 'Legal'}, {'format': 'Vintage', 'legality': 'Legal'}]"
13,Fear,{B}{B},2.0,['Black'],Enchantment — Aura,Common,Tenth Edition,"Enchant creature (Target a creature as you cast this. This card enters the battlefield attached to that creature.)
Enchanted creature has fear. (It can't be blocked except by artifact creatures and/or black creatures.)",Adam Rex,0,0,0,"[{'format': 'Commander', 'legality': 'Legal'}, {'format': 'Duel', 'legality': 'Legal'}, {'format': 'Legacy', 'legality': 'Legal'}, {'format': 'Modern', 'legality': 'Legal'}, {'format': 'Pauper', 'legality': 'Legal'}, {'format': 'Paupercommander', 'legality': 'Legal'}, {'format': 'Penny', 'legality': 'Legal'}, {'format': 'Premodern', 'legality': 'Legal'}, {'format': 'Vintage', 'legality': 'Legal'}]"
14,Field Marshal,{1}{W}{W},3.0,['White'],Creature — Human Soldier,Rare,Tenth Edition,Other Soldier creatures get +1/+1 and have first strike. (They deal combat damage before creatures without first strike.),Stephen Tappin,2,2,135258,"[{'format': 'Commander', 'legality': 'Legal'}, {'format': 'Duel', 'legality': 'Legal'}, {'format': 'Legacy', 'legality': 'Legal'}, {'format': 'Modern', 'legality': 'Legal'}, {'format': 'Penny', 'legality': 'Legal'}, {'format': 'Vintage', 'legality': 'Legal'}]"
15,Hypnotic Specter,{1}{B}{B},3.0,['Black'],Creature — Specter,Rare,Tenth Edition,"Flying
Whenever Hypnotic Specter deals damage to an opponent, that player discards a card at random.",Greg Staples,2,2,0,"[{'format': 'Commander', 'legality': 'Legal'}, {'format': 'Duel', 'legality': 'Legal'}, {'format': 'Gladiator', 'legality': 'Legal'}, {'format': 'Historic', 'legality': 'Legal'}, {'format': 'Historicbrawl', 'legality': 'Legal'}, {'format': 'Legacy', 'legality': 'Legal'}, {'format': 'Modern', 'legality': 'Legal'}, {'format': 'Paupercommander', 'legality': 'Restricted'}, {'format': 'Penny', 'legality': 'Legal'}, {'format': 'Premodern', 'legality': 'Legal'}, {'format': 'Vintage', 'legality': 'Legal'}]"
16,Ghost Warden,{1}{W},2.0,['White'],Creature — Spirit,Common,Tenth Edition,{T}: Target creature gets +1/+1 until end of turn.,Ittoku,1,1,132105,"[{'format': 'Commander', 'legality': 'Legal'}, {'format': 'Duel', 'legality': 'Legal'}, {'format': 'Legacy', 'legality': 'Legal'}, {'format': 'Modern', 'legality': 'Legal'}, {'format': 'Pauper', 'legality': 'Legal'}, {'format': 'Paupercommander', 'legality': 'Legal'}, {'format': 'Penny', 'legality': 'Legal'}, {'format': 'Vintage', 'legality': 'Legal'}]"
17,Glorious Anthem,{1}{W}{W},3.0,['White'],Enchantment,Rare,Tenth Edition,Creatures you control get +1/+1.,Kev Walker,0,0,129572,"[{'format': 'Brawl', 'legality': 'Legal'}, {'format': 'Commander', 'legality': 'Legal'}, {'format': 'Duel', 'legality': 'Legal'}, {'format': 'Gladiator', 'legality': 'Legal'}, {'format': 'Historic', 'legality': 'Legal'}, {'format': 'Historicbrawl', 'legality': 'Legal'}, {'format': 'Legacy', 'legality': 'Legal'}, {'format': 'Modern', 'legality': 'Legal'}, {'format': 'Penny', 'legality': 'Legal'}, {'format': 'Pioneer', 'legality': 'Legal'}, {'format': 'Premodern', 'legality': 'Legal'}, {'format': 'Vintage', 'legality': 'Legal'}]"
18,Hail of Arrows,{X}{W},1.0,['White'],Instant,Uncommon,Tenth Edition,Hail of Arrows deals X damage divided as you choose among any number of target attacking creatures.,Anthony S. Waters,0,0,132107,"[{'format': 'Commander', 'legality': 'Legal'}, {'format': 'Duel', 'legality': 'Legal'}, {'format': 'Legacy', 'legality': 'Legal'}, {'format': 'Modern', 'legality': 'Legal'}, {'format': 'Penny', 'legality': 'Legal'}, {'format': 'Vintage', 'legality': 'Legal'}]"
19,Heart of Light,{2}{W},3.0,['White'],Enchantment — Aura,Common,Tenth Edition,"Enchant creature (Target a creature as you cast this. This card enters the battlefield attached to that creature.)
Prevent all damage that would be dealt to and dealt by enchanted creature.",Luca Zontini,0,0,132090,"[{'format': 'Commander', 'legality': 'Legal'}, {'format': 'Duel', 'legality': 'Legal'}, {'format': 'Legacy', 'legality': 'Legal'}, {'format': 'Modern', 'legality': 'Legal'}, {'format': 'Pauper', 'legality': 'Legal'}, {'format': 'Paupercommander', 'legality': 'Legal'}, {'format': 'Penny', 'legality': 'Legal'}, {'format': 'Vintage', 'legality': 'Legal'}]"
20,High Ground,{W},1.0,['White'],Enchantment,Uncommon,Tenth Edition,Each creature you control can block an additional creature each combat.,rk post,0,0,132145,"[{'format': 'Commander', 'legality': 'Legal'}, {'format': 'Duel', 'legality': 'Legal'}, {'format': 'Legacy', 'legality': 'Legal'}, {'format': 'Modern', 'legality': 'Legal'}, {'format': 'Penny', 'legality': 'Legal'}, {'format': 'Premodern', 'legality': 'Legal'}, {'format': 'Vintage', 'legality': 'Legal'}]"
21,Honor Guard,{W},1.0,['White'],Creature — Human Soldier,Common,Tenth Edition,{W}: Honor Guard gets +0/+1 until end of turn.,Dan Dos Santos,1,1,129595,"[{'format': 'Commander', 'legality': 'Legal'}, {'format': 'Duel', 'legality': 'Legal'}, {'format': 'Legacy', 'legality': 'Legal'}, {'format': 'Modern', 'legality': 'Legal'}, {'format': 'Pauper', 'legality': 'Legal'}, {'format': 'Paupercommander', 'legality': 'Legal'}, {'format': 'Penny', 'legality': 'Legal'}, {'format': 'Premodern', 'legality': 'Legal'}, {'format': 'Vintage', 'legality': 'Legal'}]"
22,Icatian Priest,{W},1.0,['White'],Creature — Human Cleric,Uncommon,Tenth Edition,{1}{W}{W}: Target creature gets +1/+1 until end of turn.,Stephen Tappin,1,1,132123,"[{'format': 'Commander', 'legality': 'Legal'}, {'format': 'Duel', 'legality': 'Legal'}, {'format': 'Legacy', 'legality': 'Legal'}, {'format': 'Modern', 'legality': 'Legal'}, {'format': 'Paupercommander', 'legality': 'Restricted'}, {'format': 'Penny', 'legality': 'Legal'}, {'format': 'Vintage', 'legality': 'Legal'}]"
23,Reviving Dose,{2}{W},3.0,['White'],Instant,Common,Tenth Edition,"You gain 3 life.
Draw a card.",D. Alexander Gregory,0,0,132089,"[{'format': 'Commander', 'legality': 'Legal'}, {'format': 'Duel', 'legality': 'Legal'}, {'format': 'Legacy', 'legality': 'Legal'}, {'format': 'Modern', 'legality': 'Legal'}, {'format': 'Pauper', 'legality': 'Legal'}, {'format': 'Paupercommander', 'legality': 'Legal'}, {'format': 'Penny', 'legality': 'Legal'}, {'format': 'Premodern', 'legality': 'Legal'}, {'format': 'Vintage', 'legality': 'Legal'}]"
24,Reya Dawnbringer,{6}{W}{W}{W},9.0,['White'],Legendary Creature — Angel,Rare,Tenth Edition,"Flying
At the beginning of your upkeep, you may return target creature card from your graveyard to the battlefield.",Matthew D. Wilson,4,6,106384,"[{'format': 'Commander', 'legality': 'Legal'}, {'format': 'Duel', 'legality': 'Legal'}, {'format': 'Legacy', 'legality': 'Legal'}, {'format': 'Modern', 'legality': 'Legal'}, {'format': 'Penny', 'legality': 'Legal'}, {'format': 'Premodern', 'legality': 'Legal'}, {'format': 'Vintage', 'legality': 'Legal'}]"
25,Righteousness,{W},1.0,['White'],Instant,Rare,Tenth Edition,Target blocking creature gets +7/+7 until end of turn.,Wayne England,0,0,130552,"[{'format': 'Brawl', 'legality': 'Legal'}, {'format': 'Commander', 'legality': 'Legal'}, {'format': 'Duel', 'legality': 'Legal'}, {'format': 'Gladiator', 'legality': 'Legal'}, {'format': 'Historic', 'legality': 'Legal'}, {'format': 'Historicbrawl', 'legality': 'Legal'}, {'format': 'Legacy', 'legality': 'Legal'}, {'format': 'Modern', 'legality': 'Legal'}, {'format': 'Penny', 'legality': 'Legal'}, {'format': 'Pioneer', 'legality': 'Legal'}, {'format': 'Premodern', 'legality': 'Legal'}, {'format': 'Vintage', 'legality': 'Legal'}]"
26,Samite Healer,{1}{W},2.0,['White'],Creature — Human Cleric,Common,Tenth Edition,{T}: Prevent the next 1 damage that would be dealt to any target this turn.,Anson Maddocks,1,1,132101,"[{'format': 'Commander', 'legality': 'Legal'}, {'format': 'Duel', 'legality': 'Legal'}, {'format': 'Legacy', 'legality': 'Legal'}, {'format': 'Modern', 'legality': 'Legal'}, {'format': 'Pauper', 'legality': 'Legal'}, {'format': 'Paupercommander', 'legality': 'Legal'}, {'format': 'Penny', 'legality': 'Legal'}, {'format': 'Premodern', 'legality': 'Legal'}, {'format': 'Vintage', 'legality': 'Legal'}]"
27,Serra's Embrace,{2}{W}{W},4.0,['White'],Enchantment — Aura,Uncommon,Tenth Edition,"Enchant creature
Enchanted creature gets +2/+2 and has flying and vigilance.",Zoltan Boros & Gabor Szikszai,0,0,135214,"[{'format': 'Commander', 'legality': 'Legal'}, {'format': 'Duel', 'legality': 'Legal'}, {'format': 'Legacy', 'legality': 'Legal'}, {'format': 'Modern', 'legality': 'Legal'}, {'format': 'Penny', 'legality': 'Legal'}, {'format': 'Premodern', 'legality': 'Legal'}, {'format': 'Vintage', 'legality': 'Legal'}]"
28,Academy Researchers,{1}{U}{U},3.0,['Blue'],Creature — Human Wizard,Uncommon,Tenth Edition,"When Academy Researchers enters the battlefield, you may put an Aura card from your hand onto the battlefield attached to Academy Researchers.",Stephen Daniele,2,2,132072,"[{'format': 'Commander', 'legality': 'Legal'}, {'format': 'Duel', 'legality': 'Legal'}, {'format': 'Legacy', 'legality': 'Legal'}, {'format': 'Modern', 'legality': 'Legal'}, {'format': 'Paupercommander', 'legality': 'Restricted'}, {'format': 'Premodern', 'legality': 'Legal'}, {'format': 'Vintage', 'legality': 'Legal'}]"
29,Air Elemental,{3}{U}{U},5.0,['Blue'],Creature — Elemental,Uncommon,Tenth Edition,Flying,Kev Walker,4,4,129459,"[{'format': 'Commander', 'legality': 'Legal'}, {'format': 'Duel', 'legality': 'Legal'}, {'format': 'Gladiator', 'legality': 'Legal'}, {'format': 'Historic', 'legality': 'Legal'}, {'format': 'Historicbrawl', 'legality': 'Legal'}, {'format': 'Legacy', 'legality': 'Legal'}, {'format': 'Modern', 'legality': 'Legal'}, {'format': 'Paupercommander', 'legality': 'Restricted'}, {'format': 'Penny', 'legality': 'Legal'}, {'format': 'Pioneer', 'legality': 'Legal'}, {'format': 'Premodern', 'legality': 'Legal'}, {'format': 'Vintage', 'legality': 'Legal'}]"
30,Ambassador Laquatus,{1}{U}{U},3.0,['Blue'],Legendary Creature — Merfolk Wizard,Rare,Tenth Edition,{3}: Target player mills three cards.,Jim Murray,1,3,129913,"[{'format': 'Commander', 'legality': 'Legal'}, {'format': 'Duel', 'legality': 'Legal'}, {'format': 'Legacy', 'legality': 'Legal'}, {'format': 'Modern', 'legality': 'Legal'}, {'format': 'Penny', 'legality': 'Legal'}, {'format': 'Premodern', 'legality': 'Legal'}, {'format': 'Vintage', 'legality': 'Legal'}]"
31,Aven Fisher,{3}{U},4.0,['Blue'],Creature — Bird Soldier,Common,Tenth Edition,"Flying (This creature can't be blocked except by creatures with flying or reach.)
When Aven Fisher dies, you may draw a card.",Christopher Moeller,2,2,130985,"[{'format': 'Commander', 'legality': 'Legal'}, {'format': 'Duel', 'legality': 'Legal'}, {'format': 'Legacy', 'legality': 'Legal'}, {'format': 'Modern', 'legality': 'Legal'}, {'format': 'Pauper', 'legality': 'Legal'}, {'format': 'Paupercommander', 'legality': 'Legal'}, {'format': 'Penny', 'legality': 'Legal'}, {'format': 'Premodern', 'legality': 'Legal'}, {'format': 'Vintage', 'legality': 'Legal'}]"
32,Aven Windreader,{3}{U}{U},5.0,['Blue'],Creature — Bird Soldier Wizard,Common,Tenth Edition,"Flying (This creature can't be blocked except by creatures with flying or reach.)
{1}{U}: Target player reveals the top card of their library.",Greg Hildebrandt,3,3,129473,"[{'format': 'Commander', 'legality': 'Legal'}, {'format': 'Duel', 'legality': 'Legal'}, {'format': 'Legacy', 'legality': 'Legal'}, {'format': 'Modern', 'legality': 'Legal'}, {'format': 'Pauper', 'legality': 'Legal'}, {'format': 'Paupercommander', 'legality': 'Legal'}, {'format': 'Penny', 'legality': 'Legal'}, {'format': 'Premodern', 'legality': 'Legal'}, {'format': 'Vintage', 'legality': 'Legal'}]"
33,Boomerang,{U}{U},2.0,['Blue'],Instant,Common,Tenth Edition,Return target permanent to its owner's hand.,Arnie Swekel,0,0,129494,"[{'format': 'Commander', 'legality': 'Legal'}, {'format': 'Duel', 'legality': 'Legal'}, {'format': 'Legacy', 'legality': 'Legal'}, {'format': 'Modern', 'legality': 'Legal'}, {'format': 'Pauper', 'legality': 'Legal'}, {'format': 'Paupercommander', 'legality': 'Legal'}, {'format': 'Penny', 'legality': 'Legal'}, {'format': 'Premodern', 'legality': 'Legal'}, {'format': 'Vintage', 'legality': 'Legal'}]"
34,Cancel,{1}{U}{U},3.0,['Blue'],Instant,Common,Tenth Edition,Counter target spell.,Mark Poole,0,0,129882,"[{'format': 'Brawl', 'legality': 'Legal'}, {'format': 'Commander', 'legality': 'Legal'}, {'format': 'Duel', 'legality': 'Legal'}, {'format': 'Gladiator', 'legality': 'Legal'}, {'format': 'Historic', 'legality': 'Legal'}, {'format': 'Historicbrawl', 'legality': 'Legal'}, {'format': 'Legacy', 'legality': 'Legal'}, {'format': 'Modern', 'legality': 'Legal'}, {'format': 'Pauper', 'legality': 'Legal'}, {'format': 'Paupercommander', 'legality': 'Legal'}, {'format': 'Penny', 'legality': 'Legal'}, {'format': 'Pioneer', 'legality': 'Legal'}, {'format': 'Vintage', 'legality': 'Legal'}]"
35,Cephalid Constable,{1}{U}{U},3.0,['Blue'],Creature — Cephalid Wizard,Rare,Tenth Edition,"Whenever Cephalid Constable deals combat damage to a player, return up to that many target permanents that player controls to their owner's hand.",Alan Pollack,1,1,135261,"[{'format': 'Commander', 'legality': 'Legal'}, {'format': 'Duel', 'legality': 'Legal'}, {'format': 'Legacy', 'legality': 'Legal'}, {'format': 'Modern', 'legality': 'Legal'}, {'format': 'Premodern', 'legality': 'Legal'}, {'format': 'Vintage', 'legality': 'Legal'}]"
36,Clone,{3}{U},4.0,['Blue'],Creature — Shapeshifter,Rare,Tenth Edition,You may have Clone enter the battlefield as a copy of any creature on the battlefield.,Kev Walker,0,0,129501,"[{'format': 'Commander', 'legality': 'Legal'}, {'format': 'Duel', 'legality': 'Legal'}, {'format': 'Legacy', 'legality': 'Legal'}, {'format': 'Modern', 'legality': 'Legal'}, {'format': 'Paupercommander', 'legality': 'Restricted'}, {'format': 'Penny', 'legality': 'Legal'}, {'format': 'Pioneer', 'legality': 'Legal'}, {'format': 'Premodern', 'legality': 'Legal'}, {'format': 'Vintage', 'legality': 'Legal'}]"
37,Cloud Elemental,{2}{U},3.0,['Blue'],Creature — Elemental,Common,Tenth Edition,"Flying
Cloud Elemental can block only creatures with flying.",Michael Sutfin,2,3,129804,"[{'format': 'Commander', 'legality': 'Legal'}, {'format': 'Duel', 'legality': 'Legal'}, {'format': 'Legacy', 'legality': 'Legal'}, {'format': 'Modern', 'legality': 'Legal'}, {'format': 'Pauper', 'legality': 'Legal'}, {'format': 'Paupercommander', 'legality': 'Legal'}, {'format': 'Penny', 'legality': 'Legal'}, {'format': 'Premodern', 'legality': 'Legal'}, {'format': 'Vintage', 'legality': 'Legal'}]"
38,Cloud Sprite,{U},1.0,['Blue'],Creature — Faerie,Common,Tenth Edition,"Flying (This creature can't be blocked except by creatures with flying or reach.)
Cloud Sprite can block only creatures with flying.",Mark Zug,1,1,132069,"[{'format': 'Commander', 'legality': 'Legal'}, {'format': 'Duel', 'legality': 'Legal'}, {'format': 'Legacy', 'legality': 'Legal'}, {'format': 'Modern', 'legality': 'Legal'}, {'format': 'Pauper', 'legality': 'Legal'}, {'format': 'Paupercommander', 'legality': 'Legal'}, {'format': 'Penny', 'legality': 'Legal'}, {'format': 'Premodern', 'legality': 'Legal'}, {'format': 'Vintage', 'legality': 'Legal'}]"
39,Counsel of the Soratami,{2}{U},3.0,['Blue'],Sorcery,Common,Tenth Edition,Draw two cards.,Randy Gallegos,0,0,134757,"[{'format': 'Commander', 'legality': 'Legal'}, {'format': 'Duel', 'legality': 'Legal'}, {'format': 'Legacy', 'legality': 'Legal'}, {'format': 'Modern', 'legality': 'Legal'}, {'format': 'Pauper', 'legality': 'Legal'}, {'format': 'Paupercommander', 'legality': 'Legal'}, {'format': 'Penny', 'legality': 'Legal'}, {'format': 'Vintage', 'legality': 'Legal'}]"
40,Crafty Pathmage,{2}{U},3.0,['Blue'],Creature — Human Wizard,Common,Tenth Edition,{T}: Target creature with power 2 or less can't be blocked this turn.,Wayne England,1,1,134758,"[{'format': 'Commander', 'legality': 'Legal'}, {'format': 'Duel', 'legality': 'Legal'}, {'format': 'Legacy', 'legality': 'Legal'}, {'format': 'Modern', 'legality': 'Legal'}, {'format': 'Pauper', 'legality': 'Legal'}, {'format': 'Paupercommander', 'legality': 'Legal'}, {'format': 'Penny', 'legality': 'Legal'}, {'format': 'Premodern', 'legality': 'Legal'}, {'format': 'Vintage', 'legality': 'Legal'}]"
41,Dehydration,{3}{U},4.0,['Blue'],Enchantment — Aura,Common,Tenth Edition,"Enchant creature (Target a creature as you cast this. This card enters the battlefield attached to that creature.)
Enchanted creature doesn't untap during its controller's untap step.",Arnie Swekel,0,0,129521,"[{'format': 'Commander', 'legality': 'Legal'}, {'format': 'Duel', 'legality': 'Legal'}, {'format': 'Legacy', 'legality': 'Legal'}, {'format': 'Modern', 'legality': 'Legal'}, {'format': 'Pauper', 'legality': 'Legal'}, {'format': 'Paupercommander', 'legality': 'Legal'}, {'format': 'Penny', 'legality': 'Legal'}, {'format': 'Premodern', 'legality': 'Legal'}, {'format': 'Vintage', 'legality': 'Legal'}]"
42,Deluge,{2}{U},3.0,['Blue'],Instant,Uncommon,Tenth Edition,Tap all creatures without flying.,Wayne England,0,0,135223,"[{'format': 'Commander', 'legality': 'Legal'}, {'format': 'Duel', 'legality': 'Legal'}, {'format': 'Legacy', 'legality': 'Legal'}, {'format': 'Modern', 'legality': 'Legal'}, {'format': 'Penny', 'legality': 'Legal'}, {'format': 'Premodern', 'legality': 'Legal'}, {'format': 'Vintage', 'legality': 'Legal'}]"
43,Denizen of the Deep,{6}{U}{U},8.0,['Blue'],Creature — Serpent,Rare,Tenth Edition,"When Denizen of the Deep enters the battlefield, return each other creature you control to its owner's hand.",Jim Pavelec,11,11,135250,"[{'format': 'Commander', 'legality': 'Legal'}, {'format': 'Duel', 'legality': 'Legal'}, {'format': 'Legacy', 'legality': 'Legal'}, {'format': 'Modern', 'legality': 'Legal'}, {'format': 'Penny', 'legality': 'Legal'}, {'format': 'Vintage', 'legality': 'Legal'}]"
44,Discombobulate,{2}{U}{U},4.0,['Blue'],Instant,Uncommon,Tenth Edition,"Counter target spell. Look at the top four cards of your library, then put them back in any order.",Alex Horley-Orlandelli,0,0,134749,"[{'format': 'Commander', 'legality': 'Legal'}, {'format': 'Duel', 'legality': 'Legal'}, {'format': 'Legacy', 'legality': 'Legal'}, {'format': 'Modern', 'legality': 'Legal'}, {'format': 'Penny', 'legality': 'Legal'}, {'format': 'Premodern', 'legality': 'Legal'}, {'format': 'Vintage', 'legality': 'Legal'}]"
45,Dreamborn Muse,{2}{U}{U},4.0,['Blue'],Creature — Spirit,Rare,Tenth Edition,"At the beginning of each player's upkeep, that player mills X cards, where X is the number of cards in their hand.",Kev Walker,2,2,135246,"[{'format': 'Commander', 'legality': 'Legal'}, {'format': 'Duel', 'legality': 'Legal'}, {'format': 'Legacy', 'legality': 'Legal'}, {'format': 'Modern', 'legality': 'Legal'}, {'format': 'Penny', 'legality': 'Legal'}, {'format': 'Premodern', 'legality': 'Legal'}, {'format': 'Vintage', 'legality': 'Legal'}]"
46,Evacuation,{3}{U}{U},5.0,['Blue'],Instant,Rare,Tenth Edition,Return all creatures to their owners' hands.,Franz Vohwinkel,0,0,129541,"[{'format': 'Commander', 'legality': 'Legal'}, {'format': 'Duel', 'legality': 'Legal'}, {'format': 'Legacy', 'legality': 'Legal'}, {'format': 'Modern', 'legality': 'Legal'}, {'format': 'Penny', 'legality': 'Legal'}, {'format': 'Premodern', 'legality': 'Legal'}, {'format': 'Vintage', 'legality': 'Legal'}]"
47,Afflict,{2}{B},3.0,['Black'],Instant,Common,Tenth Edition,"Target creature gets -1/-1 until end of turn.
Draw a card.",Roger Raupp,0,0,135206,"[{'format': 'Commander', 'legality': 'Legal'}, {'format': 'Duel', 'legality': 'Legal'}, {'format': 'Legacy', 'legality': 'Legal'}, {'format': 'Modern', 'legality': 'Legal'}, {'format': 'Pauper', 'legality': 'Legal'}, {'format': 'Paupercommander', 'legality': 'Legal'}, {'format': 'Penny', 'legality': 'Legal'}, {'format': 'Premodern', 'legality': 'Legal'}, {'format': 'Vintage', 'legality': 'Legal'}]"
48,Agonizing Memories,{2}{B}{B},4.0,['Black'],Sorcery,Uncommon,Tenth Edition,Look at target player's hand and choose two cards from it. Put them on top of that player's library in any order.,Adam Rex,0,0,135228,"[{'format': 'Commander', 'legality': 'Legal'}, {'format': 'Duel', 'legality': 'Legal'}, {'format': 'Legacy', 'legality': 'Legal'}, {'format': 'Modern', 'legality': 'Legal'}, {'format': 'Penny', 'legality': 'Legal'}, {'format': 'Premodern', 'legality': 'Legal'}, {'format': 'Vintage', 'legality': 'Legal'}]"
49,Ascendant Evincar,{4}{B}{B},6.0,['Black'],Legendary Creature — Phyrexian Vampire Noble,Rare,Tenth Edition,"Flying (This creature can't be blocked except by creatures with flying or reach.)
Other black creatures get +1/+1.
Nonblack creatures get -1/-1.",Mark Zug,3,3,106525,"[{'format': 'Commander', 'legality': 'Legal'}, {'format': 'Duel', 'legality': 'Legal'}, {'format': 'Legacy', 'legality': 'Legal'}, {'format': 'Modern', 'legality': 'Legal'}, {'format': 'Penny', 'legality': 'Legal'}, {'format': 'Premodern', 'legality': 'Legal'}, {'format': 'Vintage', 'legality': 'Legal'}]"
50,Ascendant Evincar,{4}{B}{B},6.0,['Black'],Legendary Creature — Phyrexian Vampire Noble,Rare,Tenth Edition,"Flying (This creature can't be blocked except by creatures with flying or reach.)
Other black creatures get +1/+1.
Nonblack creatures get -1/-1.",Mark Zug,3,3,0,"[{'format': 'Commander', 'legality': 'Legal'}, {'format': 'Duel', 'legality': 'Legal'}, {'format': 'Legacy', 'legality': 'Legal'}, {'format': 'Modern', 'legality': 'Legal'}, {'format': 'Penny', 'legality': 'Legal'}, {'format': 'Premodern', 'legality': 'Legal'}, {'format': 'Vintage', 'legality': 'Legal'}]"
51,Assassinate,{2}{B},3.0,['Black'],Sorcery,Common,Tenth Edition,Destroy target tapped creature.,Kev Walker,0,0,135194,"[{'format': 'Commander', 'legality': 'Legal'}, {'format': 'Duel', 'legality': 'Legal'}, {'format': 'Legacy', 'legality': 'Legal'}, {'format': 'Modern', 'legality': 'Legal'}, {'format': 'Pauper', 'legality': 'Legal'}, {'format': 'Paupercommander', 'legality': 'Legal'}, {'format': 'Penny', 'legality': 'Legal'}, {'format': 'Vintage', 'legality': 'Legal'}]"
52,Beacon of Unrest,{3}{B}{B},5.0,['Black'],Sorcery,Rare,Tenth Edition,Put target artifact or creature card from a graveyard onto the battlefield under your control. Shuffle Beacon of Unrest into its owner's library.,Alan Pollack,0,0,135270,"[{'format': 'Commander', 'legality': 'Legal'}, {'format': 'Duel', 'legality': 'Legal'}, {'format': 'Legacy', 'legality': 'Legal'}, {'format': 'Modern', 'legality': 'Legal'}, {'format': 'Penny', 'legality': 'Legal'}, {'format': 'Vintage', 'legality': 'Legal'}]"
53,Bog Wraith,{3}{B},4.0,['Black'],Creature — Wraith,Uncommon,Tenth Edition,Swampwalk (This creature can't be blocked as long as defending player controls a Swamp.),Daarken,3,3,129491,"[{'format': 'Commander', 'legality': 'Legal'}, {'format': 'Duel', 'legality': 'Legal'}, {'format': 'Legacy', 'legality': 'Legal'}, {'format': 'Modern', 'legality': 'Legal'}, {'format': 'Paupercommander', 'legality': 'Restricted'}, {'format': 'Penny', 'legality': 'Legal'}, {'format': 'Premodern', 'legality': 'Legal'}, {'format': 'Vintage', 'legality': 'Legal'}]"
54,Bog Wraith,{3}{B},4.0,['Black'],Creature — Wraith,Uncommon,Tenth Edition,Swampwalk (This creature can't be blocked as long as defending player controls a Swamp.),Daarken,3,3,0,"[{'format': 'Commander', 'legality': 'Legal'}, {'format': 'Duel', 'legality': 'Legal'}, {'format': 'Legacy', 'legality': 'Legal'}, {'format': 'Modern', 'legality': 'Legal'}, {'format': 'Paupercommander', 'legality': 'Restricted'}, {'format': 'Penny', 'legality': 'Legal'}, {'format': 'Premodern', 'legality': 'Legal'}, {'format': 'Vintage', 'legality': 'Legal'}]"
55,Hurkyl's Recall,{1}{U},2.0,['Blue'],Instant,Rare,Tenth Edition,Return all artifacts target player owns to their hand.,Ralph Horsley,0,0,135260,"[{'format': 'Commander', 'legality': 'Legal'}, {'format': 'Duel', 'legality': 'Legal'}, {'format': 'Legacy', 'legality': 'Legal'}, {'format': 'Modern', 'legality': 'Legal'}, {'format': 'Premodern', 'legality': 'Legal'}, {'format': 'Vintage', 'legality': 'Legal'}]"
56,Reminisce,{2}{U},3.0,['Blue'],Sorcery,Uncommon,Tenth Edition,Target player shuffles their graveyard into their library.,Ralph Horsley,0,0,129698,"[{'format': 'Commander', 'legality': 'Legal'}, {'format': 'Duel', 'legality': 'Legal'}, {'format': 'Legacy', 'legality': 'Legal'}, {'format': 'Modern', 'legality': 'Legal'}, {'format': 'Premodern', 'legality': 'Legal'}, {'format': 'Vintage', 'legality': 'Legal'}]"
57,Remove Soul,{1}{U},2.0,['Blue'],Instant,Common,Tenth Edition,Counter target creature spell.,Adam Rex,0,0,129699,"[{'format': 'Commander', 'legality': 'Legal'}, {'format': 'Duel', 'legality': 'Legal'}, {'format': 'Legacy', 'legality': 'Legal'}, {'format': 'Modern', 'legality': 'Legal'}, {'format': 'Pauper', 'legality': 'Legal'}, {'format': 'Paupercommander', 'legality': 'Legal'}, {'format': 'Penny', 'legality': 'Legal'}, {'format': 'Premodern', 'legality': 'Legal'}, {'format': 'Vintage', 'legality': 'Legal'}]"
58,Robe of Mirrors,{U},1.0,['Blue'],Enchantment — Aura,Common,Tenth Edition,"Enchant creature (Target a creature as you cast this. This card enters the battlefield attached to that creature.)
Enchanted creature has shroud. (It can't be the target of spells or abilities.)",Christopher Moeller,0,0,134764,"[{'format': 'Commander', 'legality': 'Legal'}, {'format': 'Duel', 'legality': 'Legal'}, {'format': 'Legacy', 'legality': 'Legal'}, {'format': 'Modern', 'legality': 'Legal'}, {'format': 'Pauper', 'legality': 'Legal'}, {'format': 'Paupercommander', 'legality': 'Legal'}, {'format': 'Penny', 'legality': 'Legal'}, {'format': 'Premodern', 'legality': 'Legal'}, {'format': 'Vintage', 'legality': 'Legal'}]"
59,Robe of Mirrors,{U},1.0,['Blue'],Enchantment — Aura,Common,Tenth Edition,"Enchant creature (Target a creature as you cast this. This card enters the battlefield attached to that creature.)
Enchanted creature has shroud. (It can't be the target of spells or abilities.)",Christopher Moeller,0,0,0,"[{'format': 'Commander', 'legality': 'Legal'}, {'format': 'Duel', 'legality': 'Legal'}, {'format': 'Legacy', 'legality': 'Legal'}, {'format': 'Modern', 'legality': 'Legal'}, {'format': 'Pauper', 'legality': 'Legal'}, {'format': 'Paupercommander', 'legality': 'Legal'}, {'format': 'Penny', 'legality': 'Legal'}, {'format': 'Premodern', 'legality': 'Legal'}, {'format': 'Vintage', 'legality': 'Legal'}]"
60,Rootwater Commando,{2}{U},3.0,['Blue'],Creature — Merfolk,Common,Tenth Edition,Islandwalk (This creature can't be blocked as long as defending player controls an Island.),Mark Tedin,2,2,129733,"[{'format': 'Commander', 'legality': 'Legal'}, {'format': 'Duel', 'legality': 'Legal'}, {'format': 'Legacy', 'legality': 'Legal'}, {'format': 'Modern', 'legality': 'Legal'}, {'format': 'Pauper', 'legality': 'Legal'}, {'format': 'Paupercommander', 'legality': 'Legal'}, {'format': 'Premodern', 'legality': 'Legal'}, {'format': 'Vintage', 'legality': 'Legal'}]"
61,Rootwater Commando,{2}{U},3.0,['Blue'],Creature — Merfolk,Common,Tenth Edition,Islandwalk (This creature can't be blocked as long as defending player controls an Island.),Mark Tedin,2,2,0,"[{'format': 'Commander', 'legality': 'Legal'}, {'format': 'Duel', 'legality': 'Legal'}, {'format': 'Legacy', 'legality': 'Legal'}, {'format': 'Modern', 'legality': 'Legal'}, {'format': 'Pauper', 'legality': 'Legal'}, {'format': 'Paupercommander', 'legality': 'Legal'}, {'format': 'Premodern', 'legality': 'Legal'}, {'format': 'Vintage', 'legality': 'Legal'}]"
62,Rule of Law,{2}{W},3.0,['White'],Enchantment,Uncommon,Tenth Edition,Each player can't cast more than one spell each turn.,Scott M. Fischer,0,0,136291,"[{'format': 'Commander', 'legality': 'Legal'}, {'format': 'Duel', 'legality': 'Legal'}, {'format': 'Gladiator', 'legality': 'Legal'}, {'format': 'Historic', 'legality': 'Legal'}, {'format': 'Historicbrawl', 'legality': 'Legal'}, {'format': 'Legacy', 'legality': 'Legal'}, {'format': 'Modern', 'legality': 'Legal'}, {'format': 'Penny', 'legality': 'Legal'}, {'format': 'Pioneer', 'legality': 'Legal'}, {'format': 'Vintage', 'legality': 'Legal'}]"
63,Rootwater Matriarch,{2}{U}{U},4.0,['Blue'],Creature — Merfolk,Rare,Tenth Edition,{T}: Gain control of target creature for as long as that creature is enchanted.,Daren Bader,2,3,135252,"[{'format': 'Commander', 'legality': 'Legal'}, {'format': 'Duel', 'legality': 'Legal'}, {'format': 'Legacy', 'legality': 'Legal'}, {'format': 'Modern', 'legality': 'Legal'}, {'format': 'Penny', 'legality': 'Legal'}, {'format': 'Premodern', 'legality': 'Legal'}, {'format': 'Vintage', 'legality': 'Legal'}]"
64,Sage Owl,{1}{U},2.0,['Blue'],Creature — Bird,Common,Tenth Edition,"Flying
When Sage Owl enters the battlefield, look at the top four cards of your library, then put them back in any order.",Mark Brill,1,1,135217,"[{'format': 'Commander', 'legality': 'Legal'}, {'format': 'Duel', 'legality': 'Legal'}, {'format': 'Legacy', 'legality': 'Legal'}, {'format': 'Modern', 'legality': 'Legal'}, {'format': 'Pauper', 'legality': 'Legal'}, {'format': 'Paupercommander', 'legality': 'Legal'}, {'format': 'Penny', 'legality': 'Legal'}, {'format': 'Premodern', 'legality': 'Legal'}, {'format': 'Vintage', 'legality': 'Legal'}]"
65,Sage Owl,{1}{U},2.0,['Blue'],Creature — Bird,Common,Tenth Edition,"Flying
When Sage Owl enters the battlefield, look at the top four cards of your library, then put them back in any order.",Mark Brill,1,1,0,"[{'format': 'Commander', 'legality': 'Legal'}, {'format': 'Duel', 'legality': 'Legal'}, {'format': 'Legacy', 'legality': 'Legal'}, {'format': 'Modern', 'legality': 'Legal'}, {'format': 'Pauper', 'legality': 'Legal'}, {'format': 'Paupercommander', 'legality': 'Legal'}, {'format': 'Penny', 'legality': 'Legal'}, {'format': 'Premodern', 'legality': 'Legal'}, {'format': 'Vintage', 'legality': 'Legal'}]"
66,Scalpelexis,{4}{U},5.0,['Blue'],Creature — Beast,Rare,Tenth Edition,"Flying (This creature can't be blocked except by creatures with flying or reach.)
Whenever Scalpelexis deals combat damage to a player, that player exiles the top four cards of their library. If two or more of those cards have the same name, repeat this process.",Mark Tedin,1,5,130818,"[{'format': 'Commander', 'legality': 'Legal'}, {'format': 'Duel', 'legality': 'Legal'}, {'format': 'Legacy', 'legality': 'Legal'}, {'format': 'Modern', 'legality': 'Legal'}, {'format': 'Penny', 'legality': 'Legal'}, {'format': 'Premodern', 'legality': 'Legal'}, {'format': 'Vintage', 'legality': 'Legal'}]"
67,Scalpelexis,{4}{U},5.0,['Blue'],Creature — Beast,Rare,Tenth Edition,"Flying (This creature can't be blocked except by creatures with flying or reach.)
Whenever Scalpelexis deals combat damage to a player, that player exiles the top four cards of their library. If two or more of those cards have the same name, repeat this process.",Mark Tedin,1,5,0,"[{'format': 'Commander', 'legality': 'Legal'}, {'format': 'Duel', 'legality': 'Legal'}, {'format': 'Legacy', 'legality': 'Legal'}, {'format': 'Modern', 'legality': 'Legal'}, {'format': 'Penny', 'legality': 'Legal'}, {'format': 'Premodern', 'legality': 'Legal'}, {'format': 'Vintage', 'legality': 'Legal'}]"
68,Serra Angel,{3}{W}{W},5.0,['White'],Creature — Angel,Rare,Tenth Edition,"Flying, vigilance",Greg Staples,4,4,129726,"[{'format': 'Commander', 'legality': 'Legal'}, {'format': 'Duel', 'legality': 'Legal'}, {'format': 'Gladiator', 'legality': 'Legal'}, {'format': 'Historic', 'legality': 'Legal'}, {'format': 'Historicbrawl', 'legality': 'Legal'}, {'format': 'Legacy', 'legality': 'Legal'}, {'format': 'Modern', 'legality': 'Legal'}, {'format': 'Paupercommander', 'legality': 'Restricted'}, {'format': 'Penny', 'legality': 'Legal'}, {'format': 'Pioneer', 'legality': 'Legal'}, {'format': 'Premodern', 'legality': 'Legal'}, {'format': 'Vintage', 'legality': 'Legal'}]"
69,Sea Monster,{4}{U}{U},6.0,['Blue'],Creature — Serpent,Common,Tenth Edition,Sea Monster can't attack unless defending player controls an Island.,Brian Despain,6,6,129719,"[{'format': 'Commander', 'legality': 'Legal'}, {'format': 'Duel', 'legality': 'Legal'}, {'format': 'Legacy', 'legality': 'Legal'}, {'format': 'Modern', 'legality': 'Legal'}, {'format': 'Pauper', 'legality': 'Legal'}, {'format': 'Paupercommander', 'legality': 'Legal'}, {'format': 'Penny', 'legality': 'Legal'}, {'format': 'Premodern', 'legality': 'Legal'}, {'format': 'Vintage', 'legality': 'Legal'}]"
70,Shimmering Wings,{U},1.0,['Blue'],Enchantment — Aura,Common,Tenth Edition,"Enchant creature (Target a creature as you cast this. This card enters the battlefield attached to that creature.)
Enchanted creature has flying. (It can't be blocked except by creatures with flying or reach.)
{U}: Return Shimmering Wings to its owner's hand.",Carl Critchlow,0,0,129553,"[{'format': 'Commander', 'legality': 'Legal'}, {'format': 'Duel', 'legality': 'Legal'}, {'format': 'Legacy', 'legality': 'Legal'}, {'format': 'Modern', 'legality': 'Legal'}, {'format': 'Pauper', 'legality': 'Legal'}, {'format': 'Paupercommander', 'legality': 'Legal'}, {'format': 'Penny', 'legality': 'Legal'}, {'format': 'Premodern', 'legality': 'Legal'}, {'format': 'Vintage', 'legality': 'Legal'}]"
71,Shimmering Wings,{U},1.0,['Blue'],Enchantment — Aura,Common,Tenth Edition,"Enchant creature (Target a creature as you cast this. This card enters the battlefield attached to that creature.)
Enchanted creature has flying. (It can't be blocked except by creatures with flying or reach.)
{U}: Return Shimmering Wings to its owner's hand.",Carl Critchlow,0,0,0,"[{'format': 'Commander', 'legality': 'Legal'}, {'format': 'Duel', 'legality': 'Legal'}, {'format': 'Legacy', 'legality': 'Legal'}, {'format': 'Modern', 'legality': 'Legal'}, {'format': 'Pauper', 'legality': 'Legal'}, {'format': 'Paupercommander', 'legality': 'Legal'}, {'format': 'Penny', 'legality': 'Legal'}, {'format': 'Premodern', 'legality': 'Legal'}, {'format': 'Vintage', 'legality': 'Legal'}]"
72,Sift,{3}{U},4.0,['Blue'],Sorcery,Common,Tenth Edition,"Draw three cards, then discard a card.",Jeremy Jarvis,0,0,136217,"[{'format': 'Commander', 'legality': 'Legal'}, {'format': 'Duel', 'legality': 'Legal'}, {'format': 'Gladiator', 'legality': 'Legal'}, {'format': 'Historic', 'legality': 'Legal'}, {'format': 'Historicbrawl', 'legality': 'Legal'}, {'format': 'Legacy', 'legality': 'Legal'}, {'format': 'Modern', 'legality': 'Legal'}, {'format': 'Pauper', 'legality': 'Legal'}, {'format': 'Paupercommander', 'legality': 'Legal'}, {'format': 'Penny', 'legality': 'Legal'}, {'format': 'Pioneer', 'legality': 'Legal'}, {'format': 'Premodern', 'legality': 'Legal'}, {'format': 'Vintage', 'legality': 'Legal'}]"
73,Sky Weaver,{1}{U},2.0,['Blue'],Creature — Metathran Wizard,Uncommon,Tenth Edition,{2}: Target white or black creature gains flying until end of turn. (It can't be blocked except by creatures with flying or reach.),Christopher Moeller,2,1,130998,"[{'format': 'Commander', 'legality': 'Legal'}, {'format': 'Duel', 'legality': 'Legal'}, {'format': 'Legacy', 'legality': 'Legal'}, {'format': 'Modern', 'legality': 'Legal'}, {'format': 'Paupercommander', 'legality': 'Restricted'}, {'format': 'Penny', 'legality': 'Legal'}, {'format': 'Premodern', 'legality': 'Legal'}, {'format': 'Vintage', 'legality': 'Legal'}]"
74,Sky Weaver,{1}{U},2.0,['Blue'],Creature — Metathran Wizard,Uncommon,Tenth Edition,{2}: Target white or black creature gains flying until end of turn. (It can't be blocked except by creatures with flying or reach.),Christopher Moeller,2,1,0,"[{'format': 'Commander', 'legality': 'Legal'}, {'format': 'Duel', 'legality': 'Legal'}, {'format': 'Legacy', 'legality': 'Legal'}, {'format': 'Modern', 'legality': 'Legal'}, {'format': 'Paupercommander', 'legality': 'Restricted'}, {'format': 'Penny', 'legality': 'Legal'}, {'format': 'Premodern', 'legality': 'Legal'}, {'format': 'Vintage', 'legality': 'Legal'}]"
75,Mortivore,{2}{B}{B},4.0,['Black'],Creature — Lhurgoyf,Rare,Tenth Edition,"Mortivore's power and toughness are each equal to the number of creature cards in all graveyards.
{B}: Regenerate Mortivore.",Anthony S. Waters,*,*,129648,"[{'format': 'Commander', 'legality': 'Legal'}, {'format': 'Duel', 'legality': 'Legal'}, {'format': 'Legacy', 'legality': 'Legal'}, {'format': 'Modern', 'legality': 'Legal'}, {'format': 'Penny', 'legality': 'Legal'}, {'format': 'Premodern', 'legality': 'Legal'}, {'format': 'Vintage', 'legality': 'Legal'}]"
76,Mortivore,{2}{B}{B},4.0,['Black'],Creature — Lhurgoyf,Rare,Tenth Edition,"Mortivore's power and toughness are each equal to the number of creature cards in all graveyards.
{B}: Regenerate Mortivore.",Anthony S. Waters,*,*,0,"[{'format': 'Commander', 'legality': 'Legal'}, {'format': 'Duel', 'legality': 'Legal'}, {'format': 'Legacy', 'legality': 'Legal'}, {'format': 'Modern', 'legality': 'Legal'}, {'format': 'Penny', 'legality': 'Legal'}, {'format': 'Premodern', 'legality': 'Legal'}, {'format': 'Vintage', 'legality': 'Legal'}]"
77,Nomad Mythmaker,{2}{W},3.0,['White'],Creature — Human Nomad Cleric,Rare,Tenth Edition,"{W}, {T}: Put target Aura card from a graveyard onto the battlefield under your control attached to a creature you control.",Darrell Riche,2,2,130547,"[{'format': 'Commander', 'legality': 'Legal'}, {'format': 'Duel', 'legality': 'Legal'}, {'format': 'Legacy', 'legality': 'Legal'}, {'format': 'Modern', 'legality': 'Legal'}, {'format': 'Penny', 'legality': 'Legal'}, {'format': 'Premodern', 'legality': 'Legal'}, {'format': 'Vintage', 'legality': 'Legal'}]"
78,Paladin en-Vec,{1}{W}{W},3.0,['White'],Creature — Human Knight,Rare,Tenth Edition,"First strike, protection from black and from red (This creature deals combat damage before creatures without first strike. It can't be blocked, targeted, dealt damage, or enchanted by anything black or red.)",Dave Kendall,2,2,129668,"[{'format': 'Commander', 'legality': 'Legal'}, {'format': 'Duel', 'legality': 'Legal'}, {'format': 'Legacy', 'legality': 'Legal'}, {'format': 'Modern', 'legality': 'Legal'}, {'format': 'Penny', 'legality': 'Legal'}, {'format': 'Premodern', 'legality': 'Legal'}, {'format': 'Vintage', 'legality': 'Legal'}]"
79,Peek,{U},1.0,['Blue'],Instant,Common,Tenth Edition,"Look at target player's hand.
Draw a card.",Adam Rex,0,0,130903,"[{'format': 'Commander', 'legality': 'Legal'}, {'format': 'Duel', 'legality': 'Legal'}, {'format': 'Legacy', 'legality': 'Legal'}, {'format': 'Modern', 'legality': 'Legal'}, {'format': 'Pauper', 'legality': 'Legal'}, {'format': 'Paupercommander', 'legality': 'Legal'}, {'format': 'Penny', 'legality': 'Legal'}, {'format': 'Premodern', 'legality': 'Legal'}, {'format': 'Vintage', 'legality': 'Legal'}]"
80,Phantom Warrior,{1}{U}{U},3.0,['Blue'],Creature — Illusion Warrior,Uncommon,Tenth Edition,Phantom Warrior can't be blocked.,Greg Staples,2,2,132064,"[{'format': 'Commander', 'legality': 'Legal'}, {'format': 'Duel', 'legality': 'Legal'}, {'format': 'Gladiator', 'legality': 'Legal'}, {'format': 'Historic', 'legality': 'Legal'}, {'format': 'Historicbrawl', 'legality': 'Legal'}, {'format': 'Legacy', 'legality': 'Legal'}, {'format': 'Modern', 'legality': 'Legal'}, {'format': 'Pauper', 'legality': 'Legal'}, {'format': 'Paupercommander', 'legality': 'Legal'}, {'format': 'Penny', 'legality': 'Legal'}, {'format': 'Pioneer', 'legality': 'Legal'}, {'format': 'Premodern', 'legality': 'Legal'}, {'format': 'Vintage', 'legality': 'Legal'}]"
81,Plagiarize,{3}{U},4.0,['Blue'],Instant,Rare,Tenth Edition,"Until end of turn, if target player would draw a card, instead that player skips that draw and you draw a card.",Jeremy Jarvis,0,0,129883,"[{'format': 'Commander', 'legality': 'Legal'}, {'format': 'Duel', 'legality': 'Legal'}, {'format': 'Legacy', 'legality': 'Legal'}, {'format': 'Modern', 'legality': 'Legal'}, {'format': 'Penny', 'legality': 'Legal'}, {'format': 'Premodern', 'legality': 'Legal'}, {'format': 'Vintage', 'legality': 'Legal'}]"
82,Consume Spirit,{X}{1}{B},2.0,['Black'],Sorcery,Uncommon,Tenth Edition,"Spend only black mana on X.
Consume Spirit deals X damage to any target and you gain X life.",Matt Thompson,0,0,129505,"[{'format': 'Commander', 'legality': 'Legal'}, {'format': 'Duel', 'legality': 'Legal'}, {'format': 'Legacy', 'legality': 'Legal'}, {'format': 'Modern', 'legality': 'Legal'}, {'format': 'Pauper', 'legality': 'Legal'}, {'format': 'Paupercommander', 'legality': 'Legal'}, {'format': 'Penny', 'legality': 'Legal'}, {'format': 'Vintage', 'legality': 'Legal'}]"
83,Contaminated Bond,{1}{B},2.0,['Black'],Enchantment — Aura,Common,Tenth Edition,"Enchant creature (Target a creature as you cast this. This card enters the battlefield attached to that creature.)
Whenever enchanted creature attacks or blocks, its controller loses 3 life.",Thomas M. Baxa,0,0,129590,"[{'format': 'Commander', 'legality': 'Legal'}, {'format': 'Duel', 'legality': 'Legal'}, {'format': 'Legacy', 'legality': 'Legal'}, {'format': 'Modern', 'legality': 'Legal'}, {'format': 'Pauper', 'legality': 'Legal'}, {'format': 'Paupercommander', 'legality': 'Legal'}, {'format': 'Penny', 'legality': 'Legal'}, {'format': 'Vintage', 'legality': 'Legal'}]"
84,Cruel Edict,{1}{B},2.0,['Black'],Sorcery,Uncommon,Tenth Edition,Target opponent sacrifices a creature.,Michael Sutfin,0,0,129514,"[{'format': 'Commander', 'legality': 'Legal'}, {'format': 'Duel', 'legality': 'Legal'}, {'format': 'Legacy', 'legality': 'Legal'}, {'format': 'Modern', 'legality': 'Legal'}, {'format': 'Pauper', 'legality': 'Legal'}, {'format': 'Paupercommander', 'legality': 'Legal'}, {'format': 'Penny', 'legality': 'Legal'}, {'format': 'Vintage', 'legality': 'Legal'}]"
85,Deathmark,{B},1.0,['Black'],Sorcery,Uncommon,Tenth Edition,Destroy target green or white creature.,Jeremy Jarvis,0,0,129910,"[{'format': 'Commander', 'legality': 'Legal'}, {'format': 'Duel', 'legality': 'Legal'}, {'format': 'Legacy', 'legality': 'Legal'}, {'format': 'Modern', 'legality': 'Legal'}, {'format': 'Penny', 'legality': 'Legal'}, {'format': 'Vintage', 'legality': 'Legal'}]"
86,Diabolic Tutor,{2}{B}{B},4.0,['Black'],Sorcery,Uncommon,Tenth Edition,"Search your library for a card, put that card into your hand, then shuffle.",Greg Staples,0,0,129525,"[{'format': 'Commander', 'legality': 'Legal'}, {'format': 'Duel', 'legality': 'Legal'}, {'format': 'Legacy', 'legality': 'Legal'}, {'format': 'Modern', 'legality': 'Legal'}, {'format': 'Penny', 'legality': 'Legal'}, {'format': 'Pioneer', 'legality': 'Legal'}, {'format': 'Premodern', 'legality': 'Legal'}, {'format': 'Vintage', 'legality': 'Legal'}]"
87,Distress,{B}{B},2.0,['Black'],Sorcery,Common,Tenth Edition,Target player reveals their hand. You choose a nonland card from it. That player discards that card.,Michael Sutfin,0,0,135219,"[{'format': 'Commander', 'legality': 'Legal'}, {'format': 'Duel', 'legality': 'Legal'}, {'format': 'Legacy', 'legality': 'Legal'}, {'format': 'Modern', 'legality': 'Legal'}, {'format': 'Pauper', 'legality': 'Legal'}, {'format': 'Paupercommander', 'legality': 'Legal'}, {'format': 'Penny', 'legality': 'Legal'}, {'format': 'Vintage', 'legality': 'Legal'}]"
88,Doomed Necromancer,{2}{B},3.0,['Black'],Creature — Human Cleric Mercenary,Rare,Tenth Edition,"{B}, {T}, Sacrifice Doomed Necromancer: Return target creature card from your graveyard to the battlefield.",Volkan Baǵa,2,2,129880,"[{'format': 'Commander', 'legality': 'Legal'}, {'format': 'Duel', 'legality': 'Legal'}, {'format': 'Gladiator', 'legality': 'Legal'}, {'format': 'Historic', 'legality': 'Legal'}, {'format': 'Historicbrawl', 'legality': 'Legal'}, {'format': 'Legacy', 'legality': 'Legal'}, {'format': 'Modern', 'legality': 'Legal'}, {'format': 'Penny', 'legality': 'Legal'}, {'format': 'Premodern', 'legality': 'Legal'}, {'format': 'Vintage', 'legality': 'Legal'}]"
89,Dross Crocodile,{3}{B},4.0,['Black'],Creature — Zombie Crocodile,Common,Tenth Edition,0,Carl Critchlow,5,1,135216,"[{'format': 'Commander', 'legality': 'Legal'}, {'format': 'Duel', 'legality': 'Legal'}, {'format': 'Legacy', 'legality': 'Legal'}, {'format': 'Modern', 'legality': 'Legal'}, {'format': 'Pauper', 'legality': 'Legal'}, {'format': 'Paupercommander', 'legality': 'Legal'}, {'format': 'Penny', 'legality': 'Legal'}, {'format': 'Vintage', 'legality': 'Legal'}]"
90,Drudge Skeletons,{1}{B},2.0,['Black'],Creature — Skeleton,Uncommon,Tenth Edition,"{B}: Regenerate Drudge Skeletons. (The next time this creature would be destroyed this turn, it isn't. Instead tap it, remove all damage from it, and remove it from combat.)",Jim Nelson,1,1,129529,"[{'format': 'Commander', 'legality': 'Legal'}, {'format': 'Duel', 'legality': 'Legal'}, {'format': 'Legacy', 'legality': 'Legal'}, {'format': 'Modern', 'legality': 'Legal'}, {'format': 'Pauper', 'legality': 'Legal'}, {'format': 'Paupercommander', 'legality': 'Legal'}, {'format': 'Penny', 'legality': 'Legal'}, {'format': 'Premodern', 'legality': 'Legal'}, {'format': 'Vintage', 'legality': 'Legal'}]"
91,Dusk Imp,{2}{B},3.0,['Black'],Creature — Imp,Common,Tenth Edition,Flying,Pete Venters,2,1,129490,"[{'format': 'Commander', 'legality': 'Legal'}, {'format': 'Duel', 'legality': 'Legal'}, {'format': 'Legacy', 'legality': 'Legal'}, {'format': 'Modern', 'legality': 'Legal'}, {'format': 'Pauper', 'legality': 'Legal'}, {'format': 'Paupercommander', 'legality': 'Legal'}, {'format': 'Penny', 'legality': 'Legal'}, {'format': 'Premodern', 'legality': 'Legal'}, {'format': 'Vintage', 'legality': 'Legal'}]"
92,Dusk Imp,{2}{B},3.0,['Black'],Creature — Imp,Common,Tenth Edition,Flying,Pete Venters,2,1,0,"[{'format': 'Commander', 'legality': 'Legal'}, {'format': 'Duel', 'legality': 'Legal'}, {'format': 'Legacy', 'legality': 'Legal'}, {'format': 'Modern', 'legality': 'Legal'}, {'format': 'Pauper', 'legality': 'Legal'}, {'format': 'Paupercommander', 'legality': 'Legal'}, {'format': 'Penny', 'legality': 'Legal'}, {'format': 'Premodern', 'legality': 'Legal'}, {'format': 'Vintage', 'legality': 'Legal'}]"
93,Essence Drain,{4}{B},5.0,['Black'],Sorcery,Common,Tenth Edition,Essence Drain deals 3 damage to any target and you gain 3 life.,Jim Nelson,0,0,135191,"[{'format': 'Commander', 'legality': 'Legal'}, {'format': 'Duel', 'legality': 'Legal'}, {'format': 'Legacy', 'legality': 'Legal'}, {'format': 'Modern', 'legality': 'Legal'}, {'format': 'Pauper', 'legality': 'Legal'}, {'format': 'Paupercommander', 'legality': 'Legal'}, {'format': 'Penny', 'legality': 'Legal'}, {'format': 'Vintage', 'legality': 'Legal'}]"
94,Fear,{B}{B},2.0,['Black'],Enchantment — Aura,Common,Tenth Edition,"Enchant creature (Target a creature as you cast this. This card enters the battlefield attached to that creature.)
Enchanted creature has fear. (It can't be blocked except by artifact creatures and/or black creatures.)",Adam Rex,0,0,129544,"[{'format': 'Commander', 'legality': 'Legal'}, {'format': 'Duel', 'legality': 'Legal'}, {'format': 'Legacy', 'legality': 'Legal'}, {'format': 'Modern', 'legality': 'Legal'}, {'format': 'Pauper', 'legality': 'Legal'}, {'format': 'Paupercommander', 'legality': 'Legal'}, {'format': 'Penny', 'legality': 'Legal'}, {'format': 'Premodern', 'legality': 'Legal'}, {'format': 'Vintage', 'legality': 'Legal'}]"
95,Hidden Horror,{1}{B}{B},3.0,['Black'],Creature — Horror,Uncommon,Tenth Edition,"When Hidden Horror enters the battlefield, sacrifice it unless you discard a creature card.",Brom,4,4,135234,"[{'format': 'Commander', 'legality': 'Legal'}, {'format': 'Duel', 'legality': 'Legal'}, {'format': 'Legacy', 'legality': 'Legal'}, {'format': 'Modern', 'legality': 'Legal'}, {'format': 'Paupercommander', 'legality': 'Restricted'}, {'format': 'Penny', 'legality': 'Legal'}, {'format': 'Premodern', 'legality': 'Legal'}, {'format': 'Vintage', 'legality': 'Legal'}]"
96,Nantuko Husk,{2}{B},3.0,['Black'],Creature — Zombie Insect,Uncommon,Tenth Edition,Sacrifice a creature: Nantuko Husk gets +2/+2 until end of turn.,Carl Critchlow,2,2,129653,"[{'format': 'Commander', 'legality': 'Legal'}, {'format': 'Duel', 'legality': 'Legal'}, {'format': 'Legacy', 'legality': 'Legal'}, {'format': 'Modern', 'legality': 'Legal'}, {'format': 'Pauper', 'legality': 'Legal'}, {'format': 'Paupercommander', 'legality': 'Legal'}, {'format': 'Penny', 'legality': 'Legal'}, {'format': 'Pioneer', 'legality': 'Legal'}, {'format': 'Premodern', 'legality': 'Legal'}, {'format': 'Vintage', 'legality': 'Legal'}]"
97,Nekrataal,{2}{B}{B},4.0,['Black'],Creature — Human Assassin,Uncommon,Tenth Edition,"First strike
When Nekrataal enters the battlefield, destroy target nonartifact, nonblack creature. That creature can't be regenerated.",Christopher Moeller,2,1,129658,"[{'format': 'Commander', 'legality': 'Legal'}, {'format': 'Duel', 'legality': 'Legal'}, {'format': 'Legacy', 'legality': 'Legal'}, {'format': 'Modern', 'legality': 'Legal'}, {'format': 'Paupercommander', 'legality': 'Restricted'}, {'format': 'Penny', 'legality': 'Legal'}, {'format': 'Premodern', 'legality': 'Legal'}, {'format': 'Vintage', 'legality': 'Legal'}]"
98,Nekrataal,{2}{B}{B},4.0,['Black'],Creature — Human Assassin,Uncommon,Tenth Edition,"First strike
When Nekrataal enters the battlefield, destroy target nonartifact, nonblack creature. That creature can't be regenerated.",Christopher Moeller,2,1,0,"[{'format': 'Commander', 'legality': 'Legal'}, {'format': 'Duel', 'legality': 'Legal'}, {'format': 'Legacy', 'legality': 'Legal'}, {'format': 'Modern', 'legality': 'Legal'}, {'format': 'Paupercommander', 'legality': 'Restricted'}, {'format': 'Penny', 'legality': 'Legal'}, {'format': 'Premodern', 'legality': 'Legal'}, {'format': 'Vintage', 'legality': 'Legal'}]"
99,Nightmare,{5}{B},6.0,['Black'],Creature — Nightmare Horse,Rare,Tenth Edition,"Flying (This creature can't be blocked except by creatures with flying or reach.)
Nightmare's power and toughness are each equal to the number of Swamps you control.",Carl Critchlow,*,*,129659,"[{'format': 'Commander', 'legality': 'Legal'}, {'format': 'Duel', 'legality': 'Legal'}, {'format': 'Gladiator', 'legality': 'Legal'}, {'format': 'Historic', 'legality': 'Legal'}, {'format': 'Historicbrawl', 'legality': 'Legal'}, {'format': 'Legacy', 'legality': 'Legal'}, {'format': 'Modern', 'legality': 'Legal'}, {'format': 'Penny', 'legality': 'Legal'}, {'format': 'Pioneer', 'legality': 'Legal'}, {'format': 'Premodern', 'legality': 'Legal'}, {'format': 'Vintage', 'legality': 'Legal'}]"
